Reach,Water Supply
Reach3Diversions_SNK,HEII
Reach4Diversions_SNK,HEII
Reach5Diversions_SNK,HEII
Reach6Diversions_SNK,HEII+HEN
Reach7Diversions_SNK,HEII+HEN
Reach8Diversions_SNK,HEII+HEN+AMF
Reach9Diversions_SNK,HEII+HEN+AMF
Reach10Diversions_SNK,HEN
Reach13Diversions_SNK,HEN
Reach16Diversions_SNK,HEN
Reach17Diversions_SNK,HEN
Reach18Diversions_SNK,HEN
Reach19Diversions_SNK,HEN
Reach21Diversions_SNK,HEII
Reach22Diversions_SNK,HEII+HEN
Reach25Diversions_SNK,RIR
Reach30Diversions_SNK,HEN
Reach31Diversions_SNK,HEII
Reach32Diversions_SNK,HEII
Reach36Diversions_SNK,HEII
Reach47Diversions_SNK,HEN
Reach6UpperDiversions_BOI,BOI
Reach5Diversions_BOI,BOI
Reach6LowerDiversions_BOI,BOI
Reach7Diversions_BOI,BOI
Reach8Diversions_BOI,BOI
Reach9Diversions_BOI,BOI
Reach10Diversions_BOI,BOI
Reach11Diversions_BOI,BOI
Reach12Diversions_BOI,BOI
Reach13Diversions_BOI,BOI
Reach12Diversions_PAY,PAY
Reach9Diversions_PAY,PAY
Reach10Diversions_PAY,PAY
Reach13Diversions_PAY,PAY
Reach8Diversions_PAY,PAY
